col0,col1,col2,col3,col4,col5,col6,col7,col8,col9,col10,label
0.5963717625278298,-0.028549796195438015,41.523164376278935,22.831971355142393,0.30021101140307754,-0.5270333140520111,1.1155778706929087,0,-0.1587040939665711,0,1.0291351345913948,82.99049361280886
0.6180088238038105,0.07246234809516998,42.202520067443444,-2.4114128777523587,-1.3970879235456308,-0.05297196507923815,-0.7523068209209591,1,0.9083520890170259,1,1.9808163702844506,230.99537272947356
0.47769705172739996,0.06837316814441628,41.531095705223265,-8.68651979509521,-0.8274806338482844,-0.08869680005510629,1.5115831066764693,0,-0.099225642758529,0,-0.6961140285134764,-100.01088734355766
0.6937689193251133,0.19551839001679056,42.960743269067,-1.8644148757213683,-0.7234544674553864,-1.798614630675828,0.6999137807763122,1,-1.5369879257965964,1,-2.898367712783073,-301.0588021782656
-0.6002314855597141,0.6548550323475505,40.116439484498585,2.581500681889707,-0.8944861606397844,0.5328012352260093,1.375574484023528,0,1.0865269198504266,1,0.16647047259679892,106.98037854616851
-0.45658805552139303,0.9805566235473315,40.42381521984139,15.144391133999466,0.4993884944180767,0.31758142250950744,2.371820764501305,0,-0.6322787245096481,0,-0.5107066764908531,-11.055677300617944
0.18803582675870442,0.26340125384749824,40.708070654582166,-4.59573210074236,-1.3701202706820577,0.27133987811573584,-0.6921050379893501,0,-0.11560570412404884,0,1.8739699080505776,5.442810906197366
-0.7740009078683868,-0.23972680346416606,41.14567919510856,8.6296776723343,-1.9343491463339864,0.29564572872593203,2.4066503899460576,0,0.03824635793868606,0,-0.08619046547922966,-37.277312702975976
-0.5965436314759012,0.15869420896176006,41.24310992837057,-7.4494618313899545,-0.039202971556043784,-1.1516915439142155,-0.6547019935396308,1,1.5973702668057994,1,-1.1199222243905067,20.937171859358344
0.7288357095180547,-0.4089067216909354,44.48126340220869,0.345068891318642,-0.7352667539295753,-0.21990461623561142,2.4702436395792784,0,-0.6478069682002264,1,-1.4172349006359755,63.595205245599374
-0.29666696916702867,0.16372639362156638,42.07396604667046,2.1641026748869088,1.8626265620539613,0.407184064631817,-0.14545110625439087,0,1.454318966569092,0,1.0321213528844335,28.24783044304433
1.3830082017114562,-0.19375973784982012,39.81706539570705,-2.0019065313504045,-0.16997379422268244,-1.5879469831969983,0.46957032710624313,0,0.4599053715317608,1,-0.21579991025668563,-20.89437093873017
-0.7602815962282058,-0.5210708768796318,42.11465913017331,19.991539691276948,0.665437627511678,1.3233906545690661,-0.2546981816590464,0,-0.4326971774477064,1,0.5301951471841128,188.96758425378243
-0.33809433339939404,0.06840631884796376,43.18444964332205,-8.478464568309395,-0.1583632756157139,-0.6030186383255934,-1.5361744196209441,0,-1.7374266634305573,0,-0.9197277397975744,-225.2999692705967
0.259948714784687,-0.31210107429566064,42.08040018805461,1.979952438510997,0.6429077275577828,1.0713032249030767,0.13504933940740696,0,-0.3953645078407368,0,-0.7247862258378132,-3.0392341724198317
1.1058237791882972,-1.9289467901916846,42.33335865885512,-8.437203274222895,0.23716490484683891,0.7825564865398867,1.0133683057134917,0,0.05771063725336173,1,1.5477875903490161,253.05519283985637
-0.4329752582151734,-1.8341881692991369,42.31639677370217,16.833469947022802,-1.099338666932836,1.0267623171781852,-1.4581083175111966,0,0.3884142314127383,0,-0.8043629257982814,-130.28457251763493
-0.08504983185957002,-0.3010659023728079,41.331193054896,-3.5430901126859737,0.7023227432394913,1.470327660649028,1.1885511544819463,0,1.6440665738153568,1,1.488885985945226,357.08806488643313
-0.07009035005939866,-1.482246960041104,40.26603043433298,-8.562138736629135,-0.8357492563854793,-1.6003764261380895,-0.2301250427568251,0,0.02538961228066982,0,0.7034134465882178,-43.44666506452262
-0.49263530435317976,-0.5260885045200855,40.276242702037486,-21.053901554760238,1.6093730826916044,1.7260062794025433,1.3490747352406087,1,0.42393703063548127,0,-2.3414280145903787,-223.8147181494132
-0.2847717693243168,0.046781621399669675,43.298411705568604,-7.224580810625164,2.0777709694875095,0.17506439086062,0.9074372202454812,1,-0.46064797251916817,0,0.3176464428665777,13.811011118390141
2.041629362226768,1.055074247940437,43.09873978213346,4.769448430915708,0.028973283078009178,0.3012864054986951,2.0519469661218963,0,0.1754501721292731,1,-0.9412429401152445,70.52995645745878
-2.5172175230841236,2.136515126878153,40.96828276545366,6.242091459750592,1.4742058940478902,0.760636823023947,2.35291552242189,1,1.2819581126484663,1,0.5758750193795811,244.0166035486601
1.8782494085707426,0.4364069596404514,41.78356495222991,-11.00117756269516,0.7432491197045259,2.0242897557272164,0.001560456331553262,0,-1.6370539040180134,1,-0.6382496017318771,70.29056504822475
-0.19432843282183887,-1.2954382700022693,41.55801306510013,8.564124371506471,0.3465847935614381,-0.7154753810332317,-0.3651674178378648,0,0.6216235771357228,0,-0.7669313015037843,-170.30978648190242
-1.9229173583270376,0.18452036617834897,43.719170291283454,1.8185077134715975,2.1737350702455496,-0.5707366788401516,1.5094761370738876,0,-2.469413039040768,0,0.63678895375762,-39.291605239441864
0.7874489270578943,-1.2279929464106705,40.792965105102326,11.603807435885072,0.4472611717676348,0.386595351044449,0.29872880984112204,1,0.4562208410779356,1,2.551113963562631,311.3176336965813
-0.6103517049759858,1.6107856714949427,42.24409219538607,17.72763511152998,-0.8125658490697362,-1.2304755684811524,-0.5313959904976421,1,-1.0920277551449393,1,0.7125762996184039,69.46524555817965
-0.879854647791022,0.38373488343014717,42.57500701192467,16.069189800521627,-0.31708279096322217,0.04729102008950002,-0.6970748627423013,0,-0.10079187492907778,0,1.157170409272844,1.3184967475545797
0.4103407862514342,0.6466892106112662,41.46638624187621,-4.878800691205853,-1.1061058695083805,0.22686932649111455,-1.6568965636149817,0,-1.175243206203286,0,0.28860524304330576,-89.69135360412318
-0.8711767279728915,-0.6474278369742839,42.2070368667442,5.411601178740953,-0.5559976555297191,0.10489349958070437,0.9495722530817561,0,-0.34167181693310406,0,-0.4500029380968815,-105.79688809012113
-1.282709031134514,1.0491052327158403,43.43753703175409,11.769896029387494,2.513760651688092,1.5859969066189323,0.48319976341971455,0,0.13069028834807797,0,0.35935177406343005,85.37296983046983
2.014248391394251,-0.6491467388362467,43.192962278532534,19.57389305661224,-0.5390483656951102,-1.2145020750112476,0.7285140360181546,0,0.605253437799241,0,-0.7419219184856722,-147.72773035877805
-0.16170251110941836,-0.7403726870482461,40.975860205307214,-19.909003158596843,-0.07276465085422136,2.112898461737443,-0.21301207035156902,1,1.1982420554157673,0,0.3755942948279905,84.4633548090429
-0.16729426471411607,0.4849451223538338,44.26461496218654,-11.004817312322386,0.5172053945576843,1.3064710542620988,0.40118451177116216,0,-2.0254033553484247,1,1.2430707339931353,322.9314227975667
1.2425833327500024,0.5403454159255052,42.55967754238146,-4.864381456048731,-1.1711595737276264,-0.2977437979518765,-1.7362595548975426,0,0.12757199730391824,1,-0.8652838325740317,-31.646189255486178
0.7375239022353296,1.5132926595797782,42.662084740190586,14.532089778465451,-0.6003200591020506,-0.04295741041195807,-0.5157281395175733,0,-0.19433785390461747,1,0.38292805448390965,71.87384890293376
0.13010574778919384,0.08523826994785104,40.45074927772514,-0.5447837539353331,0.7058809679508223,-0.962435494750227,1.3784391572746735,1,0.7475141652448747,0,1.6007969841741732,92.53427549534148
-0.3163262282273684,-0.8993277358627024,40.29583320696308,4.614852217356077,0.051906017374362644,0.8661221543890264,-0.25003031123287917,0,-0.6053940359018809,1,-0.7863627411845999,83.7694358255551
1.2746378006807795,0.6935626100693405,42.64545148185672,6.750218051293899,-0.3155035197288971,-0.054550811344473794,-0.7481634756284606,0,1.1212289608206014,0,0.13885201711458992,-115.43006414794583
0.08176564298972347,0.8394337477182406,42.041737764491835,-6.697017807584831,-0.8059901127933888,-0.024525127466878262,0.6120942238534811,1,-0.3241976979522561,1,-0.3745716382235446,-8.139999332335908
-1.1968690139053795,-0.3889883266731423,42.58016922522602,0.6473597100666575,-0.4402387863127496,-1.030836246863427,-1.0507140383225337,0,0.25238746189527994,0,-0.8712152355997126,-202.39500974132915
1.8174514355717508,0.21981132780924525,43.50572306341534,-9.331302315786465,-0.13974141153716324,-0.3965755991730892,-0.7332727789764092,1,0.9103240153073408,1,0.5349446297613257,18.68561105617495
0.4383474619856522,0.5917174472280919,42.45781845473585,-2.1281351412868488,0.151885424190115,-0.6460448911579214,1.7086762449899635,0,-0.15048079222609617,1,-0.8459049775488431,36.50294642671277
-0.5644670500035671,0.11490630437294656,40.43029794471598,-9.44060368304968,0.8263705207500638,1.157645033973198,-2.0118840342905955,0,-1.1082603902444828,0,-2.8972729334162435,-309.90077881671897
0.0016748198727578403,-0.9760333173236222,39.38554487933668,14.498692161699655,-1.5543078907892587,-0.44479422011080816,0.32684421639264777,0,-0.2635200844008665,1,0.22732233514807398,77.41357229616096
1.255958972903542,0.17546681817207754,42.77052067335168,-7.2980462427613215,-0.29276575572638147,0.30858346280612314,0.33362142395914646,0,0.821762040549043,1,-0.5032981652468496,93.97306699628516
-0.5187669910686755,-1.0799458511649356,40.587752511273564,-5.976488789368055,0.8110211730628921,-0.255072694885442,0.4583179089382415,0,0.15088046093350835,1,0.5652022113153098,111.08014734911448
-0.19890988747282384,-0.4555779649147914,42.41262786572873,4.111313016210648,-0.24883993216580413,0.8206786808247709,-1.2475301352913015,0,1.2275762071730827,1,-0.02952664334257247,83.26911481557788
-0.17824221489665265,-0.18008069882905808,40.897968541182514,-4.911091955189083,2.153258448611497,0.18591248509426672,-1.2215640894217574,1,0.16488412903057925,0,-0.3998174121944175,-102.30668284453901
1.2528960785197445,-1.7690757204503522,42.404399361697834,-2.815836886319606,1.3439811654070315,0.06664265080442394,-1.0474040233369042,0,-1.420028730849583,0,-1.106964664047429,-286.62236827219493
-0.6796762215632116,1.863641812133111,41.74668066954061,14.96518623086008,-0.648338870743896,0.6352564686081086,0.3094723867623478,0,-0.31548420364683943,0,-1.0937054443153256,-129.0213598636443
-0.09136940124869007,0.8447564833080342,42.283855346691084,-6.125198192677087,1.7622423408631354,1.226505437187332,-0.19617326980848793,1,0.09453848112988121,1,0.3666906350225062,198.93113096222234
-1.089650941453907,0.828589808064939,41.66183969861082,-0.763978067804075,-0.6547204922339821,-0.9840843977688772,-2.505824646446793,0,-1.535494330399301,0,-1.5414788853394377,-305.7990236035073
-0.7582959493003805,0.34141091921942235,41.16624126361643,-1.000225352280212,1.6978296363767913,-1.3715780402214914,-0.10223831492496263,0,-0.2411755171226958,1,-0.05925490117331612,6.331340915536188
0.16413797952915893,0.012328540371058965,39.67965050925001,-16.572095361726895,-0.003162877904346745,0.05453162232614204,0.17043610885566698,0,-1.0851394276875528,0,-1.8226101075214873,-248.90374381031393
-0.27997365371838484,-1.6249416398883185,42.43996738598493,6.370855667201231,-0.5011038733424329,-0.7320840407910275,-1.1915322207583559,0,-0.22745686693895545,1,-1.3482156016327647,-172.74925635562778
-0.06692528530444834,0.4397453686966563,43.567726399138266,1.905818429951761,-1.0756988062531185,0.5845701530102074,-0.6216066821861124,0,0.289942742658966,1,1.0103274007681868,133.60962357840688
-0.527303790258168,0.016863899004078045,41.832826085900244,1.707312380140438,-0.5712380010656268,0.2520527178146852,-0.9159451484179709,0,-0.8855581208597488,0,-0.4069799649573462,-91.99095196265074
1.6272639489177396,0.5842799815398355,41.36726958316217,14.656544570734711,0.6088280297669538,-2.180131205429562,-0.9521846382823049,0,-1.8881577206397613,0,-0.7743375473127623,-219.73198947739672
-0.5112136938454056,-1.7256350120261787,42.34954170982166,-11.621987013387075,-0.062391848844544,1.1157877823794804,-0.18292021696259012,0,0.23080979444200456,1,-1.1628922730432287,-17.444660239325096
-1.1353349889207205,0.07022950239301862,42.36172510435843,-6.131617803496792,-0.18726324992688848,1.011933168895379,-0.12477089313684571,0,-2.8505930928118772,0,2.1560497805617533,232.48576794564875
-0.3133248892377565,-0.2507731429121461,41.37943176535372,1.8204106222371268,-0.2130530670911047,1.37941804649168,-0.3372625274952887,0,0.9259316873259221,1,-0.8429502169763271,109.55940981770192
1.0786645137618016,0.2359261766102798,42.93110245849863,7.007993498826264,-0.45037849142138764,0.007304217005818163,1.270348290373754,1,0.251801060399417,0,-0.49670730695735116,-229.44067305090147
0.5444776651265502,-1.0594186131546997,40.605443445503155,-7.411029710176314,-0.3530755957835945,1.1034739369192437,-0.9037588032961075,0,-0.03764130649141684,0,1.2760697386161344,-18.774568744058055
0.5789946128583473,-0.021960491909002632,42.860017772275725,9.367537107996185,1.0681218967481911,-0.8328445553817295,1.2406974227128542,0,-0.19729449477626096,0,1.0690235261713537,46.36514094884842
-0.14360837550536867,-0.6367861535034351,43.42029527353812,1.0292235908363654,-0.7190366529870759,-0.2292661121989519,2.7190978721392622,0,1.0957642151090632,0,-1.34220610176014,-103.37391938343488
0.4839391229978625,-1.0652979037192074,40.76227892702963,2.1711517415241155,0.21176440437423458,1.3115817789822413,-2.0230268293568745,0,0.8646275468644249,1,1.22510796489919,149.81230433903414
1.767620909701189,0.16290437463311971,40.21979400528374,-2.20122538325596,0.8714865876987039,0.4201313757595164,0.05152546690380861,0,-0.16993990898066358,0,1.6594546977177598,94.15962209239811
0.5973886693717377,-0.6901257764765228,42.11931500439218,6.223291248746389,-0.5130086944253688,2.1050262154679125,1.1942887638844837,0,-1.2882214556936793,0,0.19390475745041572,145.27123773683178
-0.273821836103462,-0.16804219494852765,41.52751449271784,0.919956133791814,-0.26241997317879745,-0.5929091592127677,0.9026708351936288,0,0.5772055567846838,0,-0.11550662230877957,-55.01187402543351
-1.43294144701928,-0.07987340786897212,42.33338979517725,-0.988332812511678,0.8870504475694764,0.7303642041293733,0.12414785040555977,1,1.4320126969795963,0,0.6065315371347416,62.719888676737376
0.7133972543436299,-1.4290248511131576,41.943284539281855,-6.422169547026137,-0.7676082035323605,2.8729319835031646,-0.1393985987904817,0,-0.912631808860969,1,-0.5550243454675238,236.90359496960156
1.0237885895572778,-0.7492767252729502,42.258352570651866,0.7979201519759626,0.20382507107752473,-0.47173483152773893,-1.9411729674870386,0,0.9694351621262499,1,0.8674231842851396,191.56217569105752
-0.27443326662618894,-0.29968693301917426,43.119695074792766,4.116550535623682,0.07150151857161616,0.5943732990394813,0.23993125623891975,1,0.7461616429752447,0,1.9616876652443762,127.64208661751317
-3.368477514323095,-0.5001685271427541,41.63948789235502,-7.766158952416094,0.7409430616567148,0.7445336946834276,1.6758575196175305,1,-0.8600236646431334,0,0.6556226632453072,-6.649399837587623
0.28758796190512387,-0.4026035630304061,43.086998284135824,10.11181080843458,1.349875946675453,0.43806117963364327,-1.0058694240959598,1,0.06444306126826448,1,-0.8132858436247382,13.11185563909408
0.5239579456960596,0.5863880811108604,42.4767121262303,-8.430995114922574,1.4114853864333716,-1.2317661657520034,-0.8791405811630725,0,-1.2883546968583528,1,-1.1278220099640515,-24.030234579399092
0.7830617150312279,0.6846468273910608,41.74435698151595,5.277991258629903,-0.8678690082232965,-0.1586040975143499,0.38224468117647215,0,-1.1833124722924158,0,-0.5962925118688059,-106.3986487129264
-0.16430939544967782,-0.46108754622228,41.559728905505835,5.572452718700796,-1.2676763298404716,-0.29400492143134754,-0.8417520289403106,1,0.33677373261039995,0,-0.5509423344042638,-139.31065914951938
0.5410884536957449,0.9875207837230712,42.121982123715426,-11.005494746527079,0.8918698578672452,0.940325808324054,-2.5450354380462774,0,-1.2473507984388836,0,0.6662641650151386,2.4781776163095266
-1.3820791808897972,-0.20336470936542067,43.072677444130235,-7.491092683528591,-0.2732973101980592,-0.637922742454796,0.08948982551234025,0,-0.1934769530407753,0,-1.6096211323936813,-207.91856210760744
1.263322483619437,0.14206608321198416,41.82712610842819,-3.9416275280544752,-0.13453832600977028,1.4391091461897167,0.3570426496147473,0,-0.46611700523640487,0,0.9399301437573132,117.10480348720485
0.009777701174462989,-0.3169315020735136,40.74928258373404,3.2893466775839695,-0.6019447788510198,0.12966947586395958,-0.5344337820727554,0,-0.02205045013907226,1,1.7166252556062838,164.43480613821288
0.4866562209294511,0.39508623016846783,41.509985062937986,1.4492048635076837,0.6885317056091677,0.948842356475331,-2.2459808482141583,0,0.1154227500563381,0,0.9896365290734321,0.6559453736620355
0.006821130857287066,0.038858122153898444,41.92679991349468,-3.4202012036943494,-1.660629553600045,0.7447860286420382,-0.5949791279973832,0,-0.3638735234816131,1,0.3889204057224709,110.45641781030672
-0.5657162425402259,-0.7657061494572464,41.165788245237366,-4.293710411338997,0.3483715137334157,-0.925438443421955,0.47048808911276846,0,-0.6918866758800406,1,0.5962085697252588,52.70101392965294
0.9975991499026122,-0.22267562894406429,43.803744709594994,12.250232904603156,-1.0666101618212123,-1.2845303993394515,-0.6124406288084895,0,-0.3537313887047016,1,1.904325466892669,100.18199096229571
-1.1639940541064866,0.22943715637875117,42.94140978863326,-4.887718806699568,0.8825356089091644,0.39462695332658093,0.6650326044391239,1,1.5317999850223984,0,-0.6282578438565498,-44.87902620719916
-0.4056408576287003,0.45862898139991165,42.155959916197304,-14.083797225427816,-1.6654771818872938,-0.5723899095288699,0.7387500135841917,0,0.26609321125988067,0,0.5126764132666155,-46.789463366361005
-0.30453327913254796,0.5251249141335722,42.36235765118327,1.8527415607050401,-0.5847785391055039,-1.388606081184883,-1.2656260916502815,1,-1.613223307745822,0,0.5838869492773169,-96.86897262959192
-0.8060298253452307,-1.107357954891774,41.32998258045961,18.12890738775521,1.8982256465734642,0.7237182219310051,-0.2323154799137465,1,-0.6321185042011567,0,-1.0280742725824263,-54.79547371543741
0.7441982595300294,-0.8936526665295639,42.03780838146413,-8.359558348474941,1.4973446635261127,0.6864186522070637,-0.5277533704991021,0,0.9697410074669016,0,0.407591761371699,-5.408421465320181
-1.6354641310715994,-0.4430821531237836,42.455838141036786,3.1259541835605633,-0.612898379273901,-2.2550425295518397,0.09422708829848682,0,1.0091136676946046,1,0.616994141350265,114.30726934367131
1.0644513095611503,-0.6823226733287941,42.32364575272472,1.726436416953915,-1.2302121694908095,0.34008793582118224,1.6091146635994946,0,0.3831235365323161,0,-0.7595793882055913,-195.05909817535345
-0.7642448963636022,0.9175044215953568,40.84541392627047,-12.0321147889928,0.9958626662020335,-1.9646140384117226,0.08169485578442637,1,-1.1950547053448997,1,-1.0373059940317158,-24.111634516345305
0.10866232269120947,0.4862155441874433,42.844762275450215,1.3014846540705642,-0.8131366165738393,1.3175566288008258,0.5293073225485552,1,1.1478295386065338,1,-1.6410122089936752,-39.54465239977202
-1.226412031985331,0.2594474452841524,43.5874315620698,6.475040100650947,-0.23086431843680244,0.5971414361259897,1.4716720992146108,1,-0.6750495469353633,1,-0.7130955779733387,140.92639098190335
-1.3650887933312101,1.0310727665164454,41.750567573460856,13.107304973187814,0.05942937007253159,1.6413655834361345,-1.0499858073909185,0,-0.5993761937239777,1,-1.5414083588594818,6.136457583891357
0.3720276122532921,-2.035504432716106,40.14954432970372,10.081831493701353,0.4287407499732709,-0.9884066290073216,-0.7259845844814584,0,0.06762315459504947,1,0.2521076928691432,37.79683755360753
0.8198941071840963,2.3407730222454313,41.619759022554256,-3.208870637177114,-0.9866878119189448,1.5226027946296343,0.06488477602295918,0,1.408426704586997,1,-1.0200311950474423,144.68431797718068
1.515627209295586,-0.3776951938454783,41.38155205726511,8.86892835823532,2.2971006872748974,1.2147935489934705,0.9408710718119374,0,0.5491032846361753,0,-1.0315776021050032,-65.28034618720199
-1.6281021650571539,0.5985455199124258,42.29755127247102,-20.01349683273205,1.4291698844165404,0.3831387551181116,0.24788932747140027,0,-0.258238011740033,1,1.110566600096082,306.74895596498516
-0.23531974065532135,-3.3380154090712355,41.2140224577521,14.536051767559785,0.865791835254007,-0.4064283744103542,0.2587606553555275,0,0.5575447863322596,0,0.1507753082459565,2.9264827903961548
0.5492501156669002,0.41451379514865944,44.67278939228308,-1.6704567830442896,1.1821499982193397,0.11986134110360576,1.2959518085771529,1,-0.05349484326438352,0,-0.5276762425970806,18.887146602573644
0.37162210423067626,-0.96787878388697,41.38288837855651,-0.5820155447054548,1.117317001888613,-0.06334885269998652,-1.5007160979953178,0,-0.072984184956747,1,-1.0727651747709281,-79.32684980782003
2.6252972987958314,0.1870899775984703,42.134570240022285,-22.107093187579732,1.4079865235842963,-0.9154490365156039,-1.8897543502373744,1,0.6004958808806232,1,-0.30626430383450914,24.42931028699151
-0.7558832537620293,-2.3249330413520743,39.832598381349186,-14.591980249748604,-0.8207107633016633,1.4225491546685542,-0.2941923414514523,0,0.9328948208065363,1,-0.47531537025852316,98.4821860310102
0.5456550149504821,0.7776064596366902,42.813059255740036,-13.093527543238315,1.0628558110581878,0.8033034741830809,-0.999444678983858,0,-0.2101877770489139,0,-0.344563067462158,-124.16120432722934
1.1154813091369105,-1.8503609210749474,41.610861740196,-13.307565903086138,-0.18863796462936652,1.2869144710389762,-1.1593156574945478,1,0.45527654409268636,0,-0.6784932316808509,-70.682457077007
1.4794965802943423,-0.12132302440260509,41.10928790846045,12.651856496549174,2.37451486757985,-0.03552128396466918,0.39008819347795043,0,-0.04448895208877396,1,-1.384934464987574,49.18189537293102
0.22952912334279793,-0.9050965220828938,42.12612966102963,9.535187998688297,-2.3253041673846253,-0.09166002958769348,0.16398042839772997,0,-0.32848860882311715,0,1.257289389383924,29.211301384514414
1.2202339066919725,0.4487361389316018,42.817070988724325,-2.392715728108987,-0.04154647199671135,0.4855231001517354,-0.5993601070430182,0,-1.4278126287948947,0,-0.7486144477126567,-235.59192574501915
-0.46210863857608114,0.03775444849427142,42.28675802613367,-6.416931404446102,2.4163472336979197,1.0718957949243397,-1.2405057174397038,0,0.9909937620105875,1,-0.45056889660930344,111.27150599073772
-0.02056588482757533,-1.2834023494458389,42.543981490288,-6.719610494598567,0.9699279222330718,0.2449121597518732,-0.47795247967467347,0,-0.26769066041318385,1,0.5199240940352181,147.83264402839706
0.5588137392714349,1.270813618593382,40.95060313436787,-3.993399721054619,0.11395465349541603,1.3785416598581102,-0.9890759232632734,0,-0.25859793375285306,0,-1.7176035714585771,-157.34914640061095
-0.12944742772679152,0.55202765364425,42.538333289498716,4.231961153488228,-0.41118622820944367,-0.4638144547622593,1.1006045439276424,0,-0.09894934167273725,1,-0.027271222301222135,19.214651374524873
0.0678177026307042,0.36195679536930553,43.21264642959853,-1.806518337784055,-0.10492428223458695,0.8621387907627013,1.1975831044556706,0,1.0800614714748333,1,1.3968088455531302,286.1700167424553
0.4269180308512911,0.11169319084990215,41.844404049634605,8.92467534500618,0.498105924685175,0.8668196906357677,-2.031307833577652,1,1.2153143424597113,1,-0.8176540902730913,-47.22275195454246
0.524949841717986,-1.180589588470636,41.33516670659785,3.8577153423319883,-0.6634720067388911,-2.3552114982681487,1.3321131640233497,0,0.33032299663598835,1,-1.2562104060274348,-28.82524987540978
-0.9685977490137881,0.06241280381495394,41.96223671960102,-4.888608194339146,0.9021179659758493,-2.513089965904883,-1.7262167404880941,0,0.6075701668499377,0,1.7369499323549533,-17.665425201241874
-0.611688969114229,0.1738163894619021,43.793091862322704,-5.316157166207291,1.1224964026971098,-0.1688009435420141,0.6210978857350582,0,1.4781073264361437,0,1.6082638522018942,130.11845633592964
-0.5990431921606938,-0.7886254650982496,41.41956183329869,1.3485522181875542,0.30304882106523673,-0.5547337446563179,-0.3106069523863382,0,-1.5913852210309078,1,-1.6651817187504878,13.338445130826742
-0.11404360283052195,0.34845444072294546,41.05997237319846,-3.39606248329341,1.5190838352861409,-1.599160662155137,0.9341083184494421,0,1.073673339180091,0,-1.5565784208742532,-259.6372872104152
-0.9727632744509803,-1.8348652589933618,40.6512635221414,13.595914371997523,0.3899513772117159,0.6302325392744367,-0.7917491338943395,0,0.7260243632209559,0,0.8504252135919863,12.292177679489448
1.331174304457693,-1.1914704201621764,41.85601564388738,-18.196543889619292,1.0175189611482278,-0.4431145238746955,-1.3502718051330067,0,0.11420332961083711,0,1.8072157551557806,90.70458957698872
0.5397323860452781,0.0249006528118325,41.90490721164948,-13.151809108297986,-1.8613914309003317,0.2437739583777014,0.4264627404450427,1,-1.0279496027301955,0,-0.23637785070690118,-169.6027829853902
0.6913662930723,-0.415388793583547,42.89511878066464,8.666929803998274,0.24453528427388463,1.2863879125124589,0.37124195708519603,0,-0.0823112648530874,0,0.9719328567556981,106.75757568668243
0.7241205793848202,1.1848018596910062,43.33322658874569,16.917153558705664,1.462429034982919,-1.2897164438883566,0.22298743920664096,0,0.38737593127876196,0,1.407930056967916,-36.17365801664374
0.18291340805827142,-0.39237353189474633,41.39177238849524,-8.717543171257102,1.2883055202247669,-0.3363225525451804,0.5734144078179596,0,1.0232904782231518,1,0.03318712557404262,116.3495527497504
1.9415787084490541,0.1084703833280227,39.802358275101014,0.3005587764148895,0.0570396083681988,1.1874675549098184,-0.596294923805595,1,0.6452821109986504,0,0.8713818498689074,89.86483677511183
0.4994498531381267,0.6055554411666236,44.791144202779336,1.769265417193026,-0.35579792947365924,-0.38842488384568674,0.3742917998450306,0,-0.968959190976599,0,1.2163781870554005,-132.9480761675409
-0.5457939804444589,1.1665633170541585,43.65694732118433,5.581010702822091,-0.2060897968544108,0.045287834113877636,-1.3225356047547385,0,-0.6873706492964948,0,1.3031964730317351,40.3282235321887
0.0840015023558974,-2.361868574690197,43.04425893560339,-2.662217162751022,-0.10818500765781708,-0.38756372222025565,0.8449933795118797,0,0.22488817406389733,1,-1.3897542659752273,-80.54434627065724
-1.5906396634224,0.3913520542275384,43.18723141794689,-0.6074983226023665,-0.18006484831390537,-0.4071026687402861,-1.1457349439569857,0,1.1021245816543972,0,0.4405771114950477,-149.32719056237823
1.6551091290679307,0.2836672098953128,42.3842225331096,-2.4599806869208964,-1.7517317634819183,-0.13186241584725508,-1.2920418720913578,0,-2.005147437530848,1,-1.09317611807024,-29.322463758985947
0.893439208372722,0.08316240530335339,42.843924469991315,-7.06161705614663,-0.35551645438031626,-0.5367894599663947,-0.5700172259501056,0,1.110167405753476,0,-0.18643531106280425,-67.42882110603824
0.04851040924355049,1.887153843803241,41.837313177931065,-0.19473713456509661,-0.8800182932840079,1.1647007958638014,-0.2950634362971897,0,-1.3967456558741937,0,0.37016545177517035,35.889712839797305
1.7208204569600074,0.05682827837986244,42.56075701132192,-1.5143455056882242,0.616968926041814,0.9730118688021582,1.3382270240664977,0,-1.2046481907724853,1,1.1886128066675794,300.5767928766636
0.35002393132756204,0.15234951632266627,39.96407041503737,0.6925861372701524,-0.3130774166297556,-0.2858262464302993,0.32183373009859334,0,1.2009028164822229,0,-1.6921432590399461,-192.36901010626787
0.5064306444457065,1.0253799211032741,43.26355131388826,-1.4703335962762916,0.6838823808978882,-0.44906032860890593,-2.024268133359869,0,-0.8662666889243648,1,-0.06077312612476494,-33.80483055898118
1.052810367039621,0.47514673841492305,40.08171884525123,4.556573228181989,0.41238147707025197,1.257277024040559,0.9842073994082534,1,0.2913058652815689,1,-0.6399340369224057,59.95608646134025
0.15765042678371582,-1.0010117156279514,40.57766491433671,-3.525724602402576,2.155584401724503,0.17781455673699215,-0.2802244374973739,0,0.18229649728581035,1,0.9859410212489899,152.35360135712614
1.0277485264237494,0.30722945733158097,41.167982519626875,5.379518365086096,-0.1269501450357916,-0.5463286396918219,0.13790883500919393,0,0.5331391642240866,1,-0.20027551342254307,12.386135112789944
-3.793349596402497,0.22201527125942586,42.783560287312525,-1.987865148501562,-0.9518653516170629,-0.27649260744909376,-1.7418753538732175,0,-0.9470393065805891,1,0.17185419045963302,115.73321014908038
0.7395484826971487,-0.24682754854121935,43.16957536827955,7.00037870725084,0.6338844298400585,-2.0942728551281222,1.1964394724814649,0,-0.47823769573538044,1,0.3127851553114789,140.52919343690445
-0.6208407232584563,0.10958068876292486,40.48408205965365,-11.60450171357219,-0.33074181180049544,-0.606699635460953,1.146513137698697,0,-0.3090213620574747,0,-0.9827532052352526,-121.49693151275552
0.945169479262387,-0.6155917813326365,40.39306508319062,0.058253841711577894,0.20924160436991113,0.7344606817482261,-1.2000431728185748,0,-1.7029090238386,1,-0.19134810213595435,59.44788030034667
-1.3924612535010261,2.1967091004137664,41.66444434477272,9.690510164740376,-0.5987166048048367,-0.8620846136538525,-0.6114279665836836,0,1.5263338325086038,0,-1.3629601260056576,-369.1081215481353
0.6987180525204796,0.8972466652519061,40.52242157866034,6.079885409763459,-0.6127643369725151,0.3959496326386176,-0.5990828439383838,1,-0.16617551715055345,1,0.5398913966340938,116.11535388687254
-1.3114540721564427,-1.1395590073599255,40.73858046564994,0.1414269429746363,1.2081023197428133,-1.6073727617337799,-0.8509916020296628,0,1.3362251952361133,0,-0.038274827392618345,-126.45889727784288
0.3080243405320742,1.5676937411207965,42.53077403079841,-8.01779463057131,-0.9713627043822362,1.064589666098766,1.1524071403530805,1,-0.5609092057795957,0,-0.36342522662030385,-39.43548333481671
0.08989016055585741,-0.2889408767265464,41.74565827711273,-9.62700478926251,-1.1651593654692551,-0.6085468936163454,-1.6724493888661773,0,-0.573039257200294,0,0.3012018194742861,-135.91653385415987
-1.0628255888946199,-0.5121001652531244,43.51017730982253,-3.3484177884425175,-0.5975500329545326,0.6784002583021909,0.6900555522059979,0,0.5113960271162908,1,-0.23542250621365168,58.62081947507551
0.808809488233599,-0.8209199476506419,41.3914078433773,4.787730139702655,1.3322086306310934,-0.8968620670926822,-0.9497286111546133,0,-0.1547686667338604,1,0.19203107650283263,21.906660127827706
0.08389341229318349,-0.144188642711294,42.318964455192024,-11.838852305499312,-2.33006843137744,1.4880853879664429,-1.883142551512571,0,-0.6241941596323766,0,-1.3279163388428283,-168.4750921714291
0.08166938542027315,1.2102395959700532,41.979856917757076,6.928007056354622,0.7005081027782608,0.5393761134037016,-0.32110361129632065,0,-0.9199942423464752,1,-0.19296385269438363,37.88427317537441
-0.08206672266597255,1.0682981838802668,40.31845105224417,-13.881148793082609,-1.1345852556449822,-1.1231207072518794,-0.8720340400260057,0,-1.2546498955660315,1,-0.009550856831298983,137.9836563476959
0.7519023439415466,1.3991113971105105,38.79878356930806,-2.441477548876345,0.3791472251046625,1.4940032900963216,0.5648265355239156,0,1.4694770311537135,0,1.4392618548878169,196.64380943738576
-1.174177958949267,0.28277109617694873,41.281719512711,-6.533491415819906,-0.39976130139358984,-0.07318164925785156,0.09774214645754455,0,-0.34738523167778507,1,1.6694087635678456,256.71667556025585
0.24532912251110905,0.680974465731921,42.325500453871825,-9.76085837131972,-0.43693657772310096,-0.03286064073381716,-0.767557126879898,0,0.4357837520846551,1,0.4093683692199403,41.71580645492605
0.02635237866898419,-0.20582569199076164,42.33785680700942,2.4262793510601255,-2.014417398053236,-0.9575651613884033,0.4019047125681382,1,2.3892436136054664,1,-0.35953696219229353,17.52572910286238
0.4981262217302454,1.6695851576517582,41.59369818574749,8.079211592138167,-0.9480695911503612,-0.997474419000323,-0.8838723887253203,0,1.0931999038791027,0,-0.2713850066356574,-195.76838974201536
0.5892288737243948,-1.319516418003369,42.622418256444845,-11.039552827657529,0.6895247423066445,1.4344792385695426,-1.287693444795746,0,-0.44017887318122817,1,-2.8747133944773418,-142.6135467945366
-0.8148442102934065,-0.6985334067455535,44.31900903775763,3.4343414445224765,0.6786197167887442,0.6499389243603636,0.5793658660934594,0,0.7081378136972696,1,1.6884028510456972,344.03090959631027
-0.33200617534137405,-0.7226188004406703,40.271078244623155,4.162434320444815,0.34516314886239347,1.1509421151403303,-0.6452430155489669,0,0.8213850888413579,1,-1.626759554193824,-58.31687381224323
-0.9961195617187338,-0.7938278975217444,42.40436138968224,7.6999292759797635,0.1974764549278844,-0.5979671255963173,-0.05352049036292153,0,0.09639469530330512,0,1.3040872438618771,12.707406534957844
-0.3745568998230362,-0.13710964745541465,42.70273499032854,-6.8457565620359,-1.918942293866562,0.6919164340172034,-2.1314604757286757,0,-0.93982927465201,1,-1.387561448842236,-67.87215980998346
-2.7217383708088887,-1.0822133719308848,43.07829131622461,3.3724561724678637,-0.25631822059583786,-1.4204946028306196,1.7346290493278247,0,0.2557593934643087,1,-0.7650174813654029,-37.650522840370044
1.4041269376982028,0.7839043385595679,41.463783657259405,13.293634575407701,-0.4152221470582881,1.2229932930245049,0.5302569293705479,0,-0.05491964024698848,1,1.2438735218646615,202.06570467586346
0.6141525254467898,0.8653039125304176,41.441944783151165,3.0705247272094667,0.5826244614282957,-0.059367204915217325,-0.8818107285802922,1,0.002598187258066964,1,-0.4366779662408675,-41.2247210516925
0.41866342920545224,0.4528407165133864,42.21756725649848,13.015595248164654,-0.9284067329308052,0.04725723565670701,-1.3172183925610252,0,1.6195531270658308,0,0.5522996274351982,-19.209348804975445
0.28117122899451524,0.3309567851955275,42.257888035506824,-9.061561876110725,-0.4481303236625637,0.9502373198204173,0.8098034851980397,1,-1.4755353698848046,1,-0.6620803048394067,110.76134481134878
0.8262213948600923,-0.4109325948273505,42.806898520119354,2.538063525696956,0.21541485190020634,-0.16750372165531746,-0.8696050970695619,1,-0.4918908218582892,0,-2.2783387727348905,-339.96519632787835
-0.5796349513099648,-0.4495545669400419,42.03885725816175,8.623644691847078,0.15243009888974485,0.4841525870455771,0.26029282812885624,0,-0.7822922525981892,1,0.13869362481178782,152.7694470709738
1.9868390621712917,-1.0152623929196154,44.0841594700004,4.968063828223404,-0.43759502574632114,-0.9080205827033828,-1.4788277657158375,0,-1.6232809121103016,0,0.4080577017529294,-87.62546632520042
-0.5938844378971511,0.6032807944836037,42.63671718033067,3.3924602873922525,-1.8607170138846114,-2.359020931708494,-0.7527010855937041,0,1.9441885619101653,1,-0.1847744709106356,66.63405556325463
1.1012559732287515,-0.80426161261785,41.970120141381365,-13.39898030152153,1.1847597179337026,0.5311269549858557,0.16961731753599962,1,-1.306286652332353,0,0.9564544588167709,37.94626825806584
1.5381153978935458,-1.705143938044085,42.0685769359791,-3.33761596120557,-1.5461174241535578,-1.8660739990560613,0.360597987237347,0,-0.35600869741916846,0,0.3498766961241621,-97.04958798059121
1.2538328132904704,-0.47446612599290533,41.79654682621011,7.681207846519084,-0.7995048321787785,-0.4590763716176896,0.813026533921803,0,-0.34711906117549657,0,-0.8031271230057451,-184.6744866300227
-0.5306245453584943,1.7245125558028311,42.11507957311088,-5.115409129039533,1.3012061288930576,-0.18025669564508184,0.23195819606853518,0,-0.21438993530655864,1,-1.9164356832890153,-96.74302134441928
-0.7403845839917488,-1.0746580871830445,42.585193494535716,7.130147137531967,0.19214705677922922,-1.7703403496678147,0.016801282620659743,0,0.7404870612896017,1,-1.1651087552527581,-13.910888108613022
-1.040426229140887,-0.8471085740208127,42.768766735369546,1.2325322867137283,-0.6871613518554645,-0.576501356445371,0.14073225134724615,0,0.37335388333109576,1,0.17230976568303896,34.047218774760594
0.4707663982651317,-2.054773823626626,42.97656339728702,2.02143216241631,-0.6131334860346144,-0.6797778303905624,-0.5714538344484207,1,-0.2714411381717138,1,0.3831016939563762,16.366923902441798
-0.4979726987796397,0.033061203928672074,44.28157897613074,-0.14580691294360504,-0.9320339664497045,-0.10252351207612548,-0.9925363429606933,0,0.4213907956222156,0,-0.513506979515317,-139.97158829809555
-1.2525308843808463,-1.063812554212241,42.668970470807636,-12.73194533858644,0.14968440344102626,0.3054662571458577,0.33787225935140613,0,-0.9726394159959925,0,0.9548597415641557,-38.072967101371184
0.10923700493107176,0.7252845744896727,41.67843527017606,-3.50037634116924,0.4245968571313606,-0.6898627542759715,-0.558944438781277,0,0.32701345878351273,0,0.9187299492182988,33.932157143397475
0.37179813022604735,0.5894243166960307,40.76981971518133,-12.771124434059386,0.6539646330469965,0.3495577203472085,-0.5446084875730989,1,0.7810869441992695,0,0.8481042961331016,59.42055459721985
-0.8514075510227558,0.37510493849230414,39.979685497312055,7.545517192923325,-0.9241195022824477,1.3587625655989293,-1.1820771092910847,1,-1.253558756724142,1,-1.162715883035463,-24.238568990384678
-1.480731676652052,-0.19504943156643195,41.28587250446609,16.3077302686788,1.6791491406134453,0.7784698243376075,-1.9292908028490219,0,0.9956811778238456,0,0.02937241011747014,-189.36198864822964
-0.33324797546591073,0.2636473325216049,41.41253362411995,-5.329517612425987,-0.25770776311786003,0.605885813338802,-1.0619617266849117,1,0.0048004734340682635,1,-0.3034896073482991,-20.715876042653157
-1.4816371908603319,0.25185478359798014,43.16100416949699,-18.950065020059455,-0.45502014599846363,-0.1863774672724583,-1.1565444898523118,0,0.5496257416071144,0,-2.11068673988038,-367.7422168217087
-0.2857599021206958,1.033095839287502,41.720483232282085,2.4496250938326782,0.4041985653745743,0.590742622570498,-0.3815666489267801,0,-1.974765282907206,1,-0.6771992420338218,50.84749574897578
-1.1792064466246333,-0.5621671385567283,41.56869224637958,13.271810163366613,-0.14447543135424185,-0.4429951128016653,0.5836717716661431,0,-0.01413540528318232,0,0.8477388112613076,-82.08285401409525
-0.6647827541032874,-1.8054030606069078,42.65291472458923,-6.489872352905647,-1.3841025980429764,-0.1632116718411765,0.8097823183347029,0,1.1455474720429977,0,2.0010740831052054,154.1599547933805
-0.1670520535055457,0.5214553686422809,41.58059801146471,4.5865871705935755,0.09254217124398165,-0.023606293388388242,-1.206559420857172,1,1.6195651725091773,1,2.6407012949333275,264.0319789226589
-0.4359584543960528,-0.26174269290764,42.22485701104323,1.6605324558161785,-0.10923987451141096,-2.266232669771497,-0.9689220463335495,0,0.844720506016471,1,-0.14858634367981713,-88.17321993001079
-0.9946586843175339,0.5680584391219499,40.96884003567597,2.6018038746778074,-0.7512154047556455,-0.018037284649468133,-0.6416810933641715,0,0.4794312004111737,1,-0.12663783982202825,8.821904074859788
0.9556606353451874,-0.9010513919617451,43.549656842153496,-11.246657053739895,0.42369752390107907,1.4377261143351026,-0.2826012033725271,0,-1.502451257277625,0,0.13451739565433848,-94.17841238543744
0.8981373533779002,0.3037601706312171,41.59942646749753,-9.808319088281532,1.1115275430031402,1.2910688701454096,-0.19875722183746283,0,-0.5153990409020687,0,1.5931705978117099,168.3653667937536
-0.5491539079699088,1.7324456855096249,42.162425614143785,14.237022927836804,1.605711849010634,0.9518093884912019,0.6788466498126964,0,-0.5121726832962189,0,-0.12836912084610994,77.70809894843573
0.17991997554062514,0.6156356603604072,41.606780445147706,17.68527737785519,-1.6228849583183302,0.05181599079729441,0.20458174606932253,1,-0.05692242023778851,1,0.18412772909999328,213.7644602048802
-0.4465726679781685,-1.1505947067046172,43.73811603254051,8.658690815583045,-1.7412291751809423,-0.06326595313180214,-0.2842531157548811,0,-1.0003597119275836,1,0.24144242349636053,21.849446434665907
-0.012976036988222027,-0.5046721281901924,42.518557949832775,-15.995982437593955,-1.8462626029932312,0.5776656050593499,-0.12923050849188675,0,-0.6707998511918569,1,0.7735658395933959,102.88660984870339
-1.5149049440575955,1.4986504044805629,40.77916893557042,-1.0507778223393158,0.3630960094602942,0.9022181510162781,0.239855189529498,0,-0.16626019895668223,0,-0.16621666097141122,-49.390931042461986
-1.4318907863077426,-1.4338118072111474,41.69936966197779,-6.3259690457249595,-0.3943919283454933,-0.4751602317206133,2.4343343020567976,0,0.41131675277639634,0,-0.8249306000109212,-32.38882608629358
-0.7699849568355328,-1.031912033534764,43.273131250644646,-16.251725259157258,2.305151217164753,0.7591257906905451,-0.9153155690468432,0,0.07089658016416431,0,0.32238562085448336,-152.0150165142735
0.9420797459245154,2.7098931989222947,40.988133481986,-6.812485410778242,0.5543042561239852,-3.945496118886957,0.6188195448484612,0,0.31939228937752906,0,0.08746161080864319,-305.6339864069107
1.2109616693554108,-0.8751330478303533,43.51863274418205,7.129375127701533,0.38707868054845584,-1.7372134179667846,0.5704761013390571,0,0.8464261786220046,0,-1.808002888381102,-332.11348213850744
-1.4685650645606616,0.6804051949458128,41.49485218294423,-20.070737973842682,-0.6114741211551776,-1.797245190588281,0.6671099748418571,0,1.7994586053219075,0,-1.2689004738284366,-204.47007432119412
0.9429847339296565,-0.9756586325876808,41.44520685097302,-9.97431091719154,3.0960656367706036,0.2446673924654852,0.6681768657609725,1,-1.5850303494728875,1,1.7619302801248249,270.10865341387864
0.23385951914054243,-0.5878867437426699,40.30637163219227,-9.351981169649154,-0.5302495295139895,0.604198963981138,-1.3587803974933532,1,-1.2156923761991463,1,-0.535983046828452,153.75276619402683
-1.9631478940299807,-1.3008469317665705,40.79927109803431,8.723925282599948,1.5811093877608136,0.04056352048488294,-0.013998844922030226,1,0.7358332626969839,0,1.605511528345747,156.70309451168
-0.1607402390408321,0.2565382971348025,42.72981897401592,11.473876884341434,0.9480805718151712,-0.5761083019162496,-1.771927360515647,0,0.5472995275047344,0,-0.5803676998279688,-207.65670219134188
0.22407747407380663,-0.42030896530866463,41.01035636318438,16.258056884214366,-0.7601153154739362,0.31204323473700374,-1.924538775637724,0,0.07605277204316145,1,-0.030307072651058163,16.292583027061347
-1.2279875325876632,0.4748281436744449,42.722831350256165,-13.791685828197354,-2.0017789690320837,1.8498019867582312,0.11422851167957375,0,0.6215727806188793,0,-0.3863380692356065,25.509428005766516
-0.6058341776938241,-1.6868228967152386,41.37316647963905,4.010508885969212,0.1458867313843449,-0.3070907968202685,0.07689874871583766,0,1.3708973664171857,0,0.7403341587672553,-51.12129001003797
-1.0793922614948352,-0.44160113684719293,41.10471078367066,15.466833073635147,-0.48882797101503256,-0.5303351238269917,1.0746667507653163,0,0.43599614079821086,0,0.475012405851395,-92.84628222967237
0.9486702292630098,1.0003515145341662,41.99597306563117,-17.06330206021071,-0.13565442500617098,-1.023173668755904,-0.4235902240892741,0,-1.052362885972481,1,0.483312559531433,64.5571290354658
-0.40456013583238964,-1.595215970407597,41.2929560250845,-3.8641364138740544,0.7872421134986312,1.2307638570746349,2.124249107012657,1,-1.0637312563825765,0,-0.7203163464619045,6.3739524818792574
0.9105860712479495,-0.9694265138208105,42.07508979976096,-14.627231746982874,0.7048781666462124,1.2555027633552658,0.6315358568324961,0,0.356437325755484,0,0.4847212703254571,129.55486096291025
0.5061979411060995,0.20141373994673464,41.278511082811995,-6.2138615916298185,-0.029371747172277227,0.029189912579145768,0.916928415389031,0,-0.05061155174513995,1,-0.2561533727697842,33.05386855408989
0.4977574663118836,-0.26797970803460835,39.33988882763924,7.91831185970363,0.37778181503645675,-4.680165111593903,-2.253884712187979,0,-0.9303216852500925,1,-2.3049006758575015,-422.0046898696915
1.4773398553426171,1.8262412100366585,42.07024209194667,13.360954472269224,1.8238419013423166,0.3079822668628273,1.219950127413347,0,-0.0348618879744618,0,0.251465470848774,-38.36314825556691
0.3461177469713758,-0.2144533122213785,42.07119267523184,-25.16868804442599,0.16481702152315938,1.2080580997088286,0.4771713610920246,1,0.32108032021021393,1,0.753527336241711,165.40619900053207
-2.6937634608821366,-2.753941281497756,41.46395577885203,-7.601046655711495,-1.2857540815447768,1.2205500595941885,-0.17236180061375833,0,-2.810115898278914,1,-0.40600923165605757,47.70766502765729
-0.6583659287716802,-0.6266256173203342,43.9773248462536,10.703716550519976,-1.3585116977690297,0.8742505492261621,-1.460829408012019,0,0.608184615209447,0,0.4102831129676423,-34.71714174150031
-0.12536938172362316,0.1649239187423866,41.077131785591774,-6.57589466102869,0.09113225520059352,1.9317011519524039,0.1323349053105343,0,-1.2223515360116892,1,0.8204754908699315,262.59989207975434
-0.16866622370746231,-0.07921480292549833,43.60772657684402,13.576274954339912,-0.425436350492006,-0.5544810790338204,0.5185357812397451,1,-0.08503607921065114,1,2.0908082377897665,245.2551823012363
-0.828191147180197,0.3203582721577141,40.90207452532211,11.48259575473179,1.1919880074863796,-1.3320518744040744,1.4904170242043202,0,-1.302420864869632,0,0.040493913983383055,-8.875090206188645
2.2145770526443567,-0.5760864995563114,42.03359572141119,-1.1733965508048767,0.07841132595787112,-1.8949703143086063,-0.47315602889601477,0,0.9300266368536151,1,-0.8784650752042917,-136.00750961123137
0.8533829385335823,-2.484932927520472,43.215127528406455,17.901650833934788,0.9505422377612939,-0.5110683163146497,0.31047083823456456,0,-0.5265172885881974,1,-2.8048101832390318,-179.72421901778586
-1.0346595378536783,0.1410916459827426,41.81704863284253,-1.433147402099771,0.8705540259522453,-1.0776895910178186,0.8401061404453569,0,0.7135383847715947,0,-0.060276639265711564,-126.24810376182205
0.5299689904784068,-0.6625863216692134,40.254384843683354,-6.293376799444999,-0.2501262086453288,0.822311094393202,0.08067826748777149,1,0.4058051866111774,0,0.780965327436968,75.38510673866472
0.4344873007059771,0.6270258885635501,40.489469577826746,-6.950674658259638,-0.3540783304201228,0.5517941551562295,0.3049094199526888,0,-0.08810726675906964,0,0.03586109295387027,-13.376931337501183
0.2738250877667205,-0.04456123594313705,40.2454127913225,-7.07851448631253,0.18226093677507357,-1.1801971167140017,-0.6974353641126675,0,-0.7301878650567025,1,0.3451445029581008,11.171685594539682
0.7577463816336811,-0.2839255383005693,42.593447722102134,-22.049666170628978,-0.47209804877668504,0.6240421149264085,1.384558109213212,0,-0.4644387637492147,1,2.2493833883229843,303.99514705410706
-0.21774519211629137,0.011660724042456896,45.50497967289107,7.182368770166344,0.8909934099707395,0.2318306192477894,0.034608461248673415,1,0.6940873448952269,1,0.042982364757931345,40.73664610028967
0.4293665658364013,1.1420151246131287,43.380850558518006,-0.8323578509804008,-0.23971610259722376,1.6869971392743226,0.1460478380901343,0,-0.28710684753836224,1,0.8804974766067022,240.04749209030402
0.41459109922158793,2.5626917727031517,41.89108972967721,-17.83991381714021,-1.2628217489543365,-0.5033308840167727,-1.286141995215413,0,-0.7869814071270401,0,0.7358816795087082,-45.39010895389076
0.02506263040203846,0.24940872652218843,43.50017861139385,18.819133297502493,-0.2579667597532397,-0.11784033504158654,-0.1560083047801914,0,0.2509299552389114,1,1.0864026533471318,126.26984024174777
-0.618982623100355,1.553629071300786,41.83097052019398,-8.544405844509457,0.22048521400269497,0.47139354493764557,-2.0182801442143363,0,0.0299452952417304,1,-0.15151046160547915,43.74505669261542
1.166951930514129,-0.10282433443830812,42.10062129829387,2.341489436157579,-0.961156285199301,0.5543305037930488,-0.8572859294848023,0,-1.6677396354988547,0,0.21059943226864944,-97.04842821901705
-0.4419188509743211,-0.7283542387545614,42.574483136142526,13.884938565403882,0.7005417352781396,0.1113404968093719,-1.844463177300531,0,0.1618390546036138,0,-0.262203013399598,-77.7570229025672
-2.3009764516861497,-0.7563835492426787,41.74100244876904,-12.272934267993971,0.28704811848214307,-0.23028142424799422,-2.4467935239944714,0,-0.6101223847085796,1,-0.3338921552591762,-41.880029107600166
-0.4405829775151497,-0.30774316202163376,41.890743233750094,-3.25029177961996,-0.001711211492530567,-0.7685386484198357,-0.9647223441508087,0,1.0461542854333548,0,1.2705103101550392,-45.2543853018649
2.7895798567475167,-0.510253978018324,42.11288419889014,-2.688167308541546,0.2752029258444179,-1.3582258247621923,0.16935112745310799,0,-0.6406462076770948,1,-0.8184099134654533,-32.17412369669177
0.6793038139769112,0.07926207944079938,42.13104322045248,7.348956204348083,-0.263601968501516,-1.7462817756896423,-1.00787271952903,0,0.5124981850040136,1,-0.13749275358018867,-32.091902041674444
-2.50714408529226,-0.05715495424952227,41.939841611237114,4.362328877720419,-0.6503517710507851,-0.19672541260513032,-0.802971729648728,0,0.4116375847723304,0,-2.194276844140468,-241.0444535167105
-0.7307108716135504,1.4326575151342675,40.61838085868229,-6.907022658138996,0.4752699954824208,-1.2169566234657883,-2.286440751880327,0,-1.8183778086078703,0,0.6451738187319456,-190.31676746792087
0.08833975187948025,0.5508576159477692,42.66749255079228,5.3660816925262464,-0.3213859727938123,-0.07061840262238635,-0.7883341009691429,0,-0.6330797176441523,1,-0.03961119732363389,43.10724539700869
1.0824113227398067,-0.4939667929421686,42.390609390992964,20.087056584912744,0.5669071516667983,-1.2325060029125772,-0.20782270262209057,0,1.696230155627092,0,0.37387634072154197,-186.20161267568056
0.8859611833274487,-0.023269406923472503,40.55476376364293,15.255402010715244,1.072123129401217,-1.1458750610779955,-0.5856730663635041,0,0.13292435239811165,1,-0.24755337327257276,-35.026063153836105
-0.7251360542466286,-0.49691114324632213,41.45374456824555,-8.507864873558757,-0.8608964455027611,0.7964789319563762,1.8780740936210198,0,-0.6543364340441015,0,-0.6755820965890248,-67.56765087525939
-0.01592409055415843,-0.5462567060288568,40.99699159463694,3.2087565382003773,0.9843350315249024,-1.2627119279324124,-0.27369189167974284,1,-1.0908891787521975,0,0.5999247167488915,-14.208693173396178
-1.0104490939813093,1.9497824377513846,41.124423216870426,0.4517795489378731,-1.083987343192849,-1.8481642262337763,0.04285910353641349,0,-0.9885138506098313,0,-1.4367576067604344,-401.08208168736377
-0.09877474468299206,-0.4632238364427759,40.517107112369715,-1.7567613261362514,-1.8610166272170974,0.6686377831970035,-0.9466542581404657,1,-0.006969469265397589,1,2.4749511454513655,315.53665622966577
-0.8349426553543334,0.9847373943273391,42.13458388449097,11.725294475716517,-1.812622416384193,-0.2697158216630735,-1.5623065006160148,0,0.20087849879026481,0,-0.5074500907440983,-237.43858120221222
-0.06391241060562577,2.653842092968,43.1206406406304,-4.176050718347195,0.0996831309054525,0.918786948131011,1.5989302271923926,0,0.7269532020437703,1,0.2108629387772596,179.47364384433325
-0.20760045199873203,-1.0157223294794087,41.10800670091128,-9.757893149086968,-0.3867690360302133,-0.3104792868796783,0.8349177508508605,0,-1.422331905533312,1,0.3062197982126342,60.84872819661258
-1.4153215283757368,-1.6876909469385597,40.95173684188541,-3.2102582745010135,-1.716576599519031,1.1742386615766525,0.7002923174213486,1,-0.36743105792509334,0,0.527443767351655,101.1744700754733
0.20108340359049373,0.5886306955098491,42.0506223367239,-9.790840625267313,0.4509717542337184,-0.6945486285531871,0.13292678907551184,0,-1.8839470493210417,0,0.37363028323817793,-10.826618590669565
0.1054740900344132,-0.2514384486877628,40.43461244548695,16.397346987070776,-0.25657372100257997,1.4328527692600883,0.32856156073936654,0,0.4193270095525272,1,-0.6923133201368832,88.49729439018577
-1.0252324681612113,-1.160837760059273,40.59578007768951,6.339642087296737,0.8343695018891144,0.854988704565789,1.183103930883925,0,-1.3937450728684142,1,-0.15398767178938594,226.1564595922992
0.0503777115170669,2.0368348527492905,42.25867139851493,-10.301438206043754,-0.9931521207999037,0.7887621270314457,-0.11725460060511558,0,-0.7002000335275339,0,0.5584745950950383,42.44262030233782
-1.0387276116804165,-0.5949011349708649,42.74587028055811,-6.16103806813516,-0.35610878567542253,-0.44163133684929634,1.4549136443053974,0,0.15673563586643321,0,-1.4039668213874037,-125.0963552528101
1.5975802838075768,-0.33396682880065903,42.52252672577252,-4.022731193604581,0.36361679654652707,-2.686966817804764,1.605122148018365,0,0.7206694157866876,1,-0.15679792127636893,-78.12534285236119
0.1879120961530599,0.1990691783685542,42.47874565597069,-6.5668182368538925,-0.48313912067696396,0.39929039044584325,-0.839573159846798,1,1.2837935460857726,1,-0.28306338212903204,86.02626608081029
-0.58150666001908,0.9616877055712137,42.25676120460252,-6.569476091775899,0.11137416765899892,0.015892706734882592,-0.4088991693581851,0,-0.4877229615850025,1,-1.6064156313997324,20.37336381965801
0.2623509025055124,1.007932462110408,41.024010981311704,-7.522234855585361,0.5248880623375982,2.973242602408112,-1.1702121126027933,0,1.0320264087182174,1,0.7679184218868744,192.2625921971142
0.2519013406720352,-0.013546322663301911,41.64131579380663,-12.183088788675695,-1.3295939884623995,0.5242170065413567,0.674028187852511,0,0.36317345985154353,0,-1.456071665310541,-166.24779614792857
1.5005901118078253,-0.5344040982028007,42.15001320884277,-2.1105614513064976,-0.9913540923286437,-0.04661855214502389,0.6530073195286816,0,-0.5876566966502946,0,1.9256518650620749,108.80543575950664
0.8665666725735282,0.137383877659451,42.74126415667261,11.101945380213968,0.747552463239993,0.26773317794882245,-0.30641794623118096,0,-0.32863079731290173,1,-2.4228090260438613,-75.002592307703
-0.037842865524642416,-1.1309950790611556,41.57992966159834,4.662148466361396,0.5242641010342365,0.3958928805205151,0.1576566161010035,0,-0.6574283895431661,0,-0.4422232483027271,-67.66144078961703
0.5987430187069767,-0.7530252310435054,40.72218268169973,13.436166051242784,0.14825341705192643,-0.2741156825782002,-0.23301704600745093,0,0.9575537628864803,1,0.9422405236301798,87.9854767153419
-0.43404969398644916,0.13184975390539505,42.2185814851527,9.675731035499998,-1.6860236938666555,-0.8364843330414007,-0.15154826373713132,0,1.9954931837813483,0,0.562081891455288,-17.219894325874527
-0.6542897415333847,-0.47553773406888616,41.71771346065367,7.793491024513485,1.341849981060748,0.06505445997310756,-0.22496547369207953,0,0.8813622480335898,1,0.33165311185418,164.21697635591298
-0.8125512861253759,0.8556958643878716,41.51811497530118,-6.841445981330911,0.4113377117567491,-0.02979663725806988,0.5943119974052348,0,0.07268167897421068,1,0.07748610321000371,202.88923774223545
0.24992712454538243,1.1838387021183576,40.752187737895824,-5.183803408039108,-1.6487425216615446,0.37659821508082614,-0.9282386539117616,0,-1.349236646890317,0,-1.6928689390575387,-246.63807202369213
1.993097396754303,-0.6764528483355855,42.18205979126947,25.921620108360187,-0.28698883385632223,0.893208257758857,0.006163217048941794,1,-1.4642834587389388,0,0.20126225838251904,27.962704512890067
0.15213544481050875,-0.4632354976152513,40.58713463785671,16.18261801019964,1.1164879449310046,-1.079977059564778,0.17055551061655513,0,-0.8217187668105261,0,-0.6382035513455927,-107.28325653729502
-0.9494068657882193,0.6662936260687828,41.546089910842234,9.454691227846972,0.8330449960280196,0.046550297332059544,-0.6741599122397957,0,0.5616141550854524,1,-1.4611785575638148,-82.47958199425338
-0.4613339224127681,-0.8267158215124185,42.03309685994534,-26.040027632061165,-0.7736579725700048,-0.43467145500084825,0.9065276907640765,0,-1.220009872666847,0,-1.2655742736328772,-176.85203657517144
0.5625318490647851,1.413420882928762,40.27617426024854,5.032867821104634,-0.6975608683887724,1.859389396211922,-0.9457382374609751,0,-0.7142664032277234,1,0.988001669585019,181.6601126298898
-0.42497418374574025,1.662199437186644,42.36401904351658,3.8487445081356277,-0.134116538713235,-0.5748667395669136,0.3670531298804526,0,0.10163784342787704,1,-0.1580821795797827,118.12818799292496
0.6694900269111252,-1.3700593149711187,42.00396796471708,-15.90675355175767,1.3952597146937267,1.4673068240777491,-1.1029897447288282,0,-0.9408517170996692,0,0.5885660371492166,78.27752933396835
0.7445729470774628,-0.3061072169471822,41.75782773968937,-5.1521414271816,0.5012621670565397,-1.4624694154464613,0.540807488697718,0,-0.21346695186630113,0,1.203511922648831,1.4288173223918363
-2.507979076500832,2.3681856715871703,43.4063402612786,-0.18577957343190804,-0.15630866884492464,-0.9370635328390672,1.017906093536485,0,-0.22906343287254777,0,-0.5579892513019872,-58.7841045017845
1.7889823051178109,0.23009655313055855,41.213424907296066,9.505392997367382,-0.7883013016467908,-1.1321396881082109,-0.3249865724189057,0,-0.2532280801501497,0,1.0803823010119427,-8.698315007955237
-1.6097474052183376,-0.2980418087062193,41.29934193301447,-17.558997000922915,0.8548686871768021,0.7035519547994178,-0.734859511775622,1,0.3349757607103395,0,-0.80004956898103,-51.52147160640901
1.0467907298468695,-1.9739415738469823,41.71606452168991,-8.840003139855591,-0.515088592666423,0.7281648151178014,0.9589911087898866,1,-0.39857437271010165,0,0.4849582153439941,-40.453752404722536
-2.8831767392192416,-1.8041630004184965,42.07983522631878,0.07144838241586182,1.4458651140419343,-0.9965902542935995,-0.5111484344192819,0,-0.4807014491932366,1,-1.3290504768354274,-122.9811546974639
-3.0887745398966926,0.30648021705889367,43.68301583055419,2.5770577792514,-0.6475276885433077,0.566431318431159,0.8616636664697923,0,-0.10465851590546449,0,0.24055095785349298,-59.137781088032874
0.1361742150246901,-1.357546429767096,42.00704882863358,4.692443160167645,-0.2790608924536146,1.3444122869813229,-0.11784395377894753,1,1.018828474724416,1,0.6243349332514982,268.8225446271498
-0.3688254839443306,0.47879904526591055,42.200424632475986,1.5207797860530197,-1.0605412492563815,0.024957707758064586,-0.9446068182146478,0,0.238369706219015,0,-0.11435160925583433,-58.02780114591003
0.449146083619064,0.9514448834086952,42.32475692895844,4.687435265075679,0.5493134849061759,0.10741147098200167,1.5950905360753636,0,-1.037326886925195,0,1.2148302523797332,177.35505604706682
-0.7213158504242952,-1.1835759837112583,41.2296860734905,-21.724006566975973,-0.5675299721472885,-0.6721179907623775,-0.6407753345449242,0,-0.5717917609352182,0,-0.8943514420818945,-189.33745339455612
-0.8577515309025235,-1.9335139244110975,40.893662463982594,4.1536924872893595,0.41738465328895274,-0.2393896307635176,1.0006139732758206,0,-0.9128429499252922,0,-0.27008144330911815,-77.74414835362947
-0.285832900070913,1.4995439256525194,42.003365814826225,1.630814679051706,1.761812792018142,0.4431311678945277,-0.12502659884318293,1,-0.4215231946031131,0,-0.7204504199958157,-96.7044056819443
2.2312219435340057,1.1904377449593002,42.39405872653737,5.666360096349952,-1.779365379157818,0.4369809042100597,-0.9749092688161688,0,0.43053826113013866,0,-0.30541245457097294,-203.9783366533968
-1.2287095959122405,-0.8721616224393413,41.43772660789597,2.4657283367109533,1.3449651387319297,-0.563390001039936,0.3428760573546382,0,-0.991907694283816,0,0.12670647578372707,-39.775467764599426
-0.6658011919211752,0.7344590870885531,40.622664926551295,20.570243469839184,1.7342264988899574,1.0827614126563099,-0.6526582355586442,0,0.061836032884296614,1,-0.5171786684234109,50.905461383443885
-0.5286345305526698,0.9545479726685911,42.60990745877365,12.925120137114638,-0.26237602077042443,-0.4001780072005738,-1.5844684432663896,0,-0.5208528090285796,1,2.3110644746999522,220.06617039044625
1.5585797597928928,-0.8262706618161503,41.813698631416756,-15.279488828420135,-2.6110985743841715,-0.19884642134510047,1.3087093996133636,0,0.497380040307833,0,-2.57909661766132,-304.63485667306134
-2.274727079697107,-0.09462880713844117,42.90216278229924,29.078088557598956,-2.330770120797222,0.7016065198087004,1.5503426633028905,0,0.6982915632447244,1,-1.340564141358475,150.41508743559484
1.1893890456364602,-0.7283880028172258,41.030714946535966,-4.940973340919007,-1.4466599485286369,1.5478719173030766,-0.6784888332554594,0,-1.4852805499899133,0,0.11168187257276893,31.395045314099587
0.23680144640563747,-0.4099828385937786,40.31520949371611,1.0266650545535398,-1.8500815718465815,-0.31460535213039753,-0.16917631480762366,0,-1.207136589023607,0,-0.816929453203241,-114.59148043648192
-0.1846912214343105,-0.9565234393096932,42.318004292722364,1.9071070702821058,0.5745597638660773,-0.6952439792205894,0.0344033482128713,0,-1.255314579361892,0,-2.1846335366175675,-297.70219912234097
0.41655309039129956,2.3172888969138508,41.25600714112957,5.253157591441713,-0.5660837250502777,-0.45333271064037006,0.06407426730681849,0,2.0596613102163004,1,2.028832874492245,320.40477625480804
0.08903734222109264,-0.31842472409763917,41.001883784324,-25.52578557008602,0.7485394152666957,-0.9206410343408082,-0.06699905500740305,0,0.5768824821295935,0,-0.4592712746169744,-125.37988288204048
-0.9955901687376234,-1.1770933455171513,41.9478089514768,-8.764841217783276,-0.3295187031438709,0.33918404036491256,-0.8803419799902924,1,0.5916134172612534,1,0.7204149445289175,78.93778367989682
-1.3597506571744862,0.3868593810089216,41.31268626111309,17.025165853769796,-0.264771721876747,-0.09536936068234524,0.3655383681049354,0,-2.056343003787294,1,0.25300457747124144,111.32121685291594
0.17016042669001574,-0.8143162223591718,40.342012498689414,-2.339748618325392,-0.979240845667086,0.40395555836667013,-0.6008946749568664,0,0.24832330465086083,0,-2.4401210108746723,-285.2622426217645
-1.3183322672753324,0.32469646005413105,40.02370585089664,0.6401751424942835,0.18701554485343116,-1.1138461529604355,1.0534397032185978,1,0.15114854006694428,1,-0.4909332454821607,-46.180127423539666
0.868848936346969,1.7421934473492398,41.07919968979465,-14.594415011988943,-1.7129034101779128,2.0024764191998607,-0.04038659613081923,0,0.6128523277508832,0,-0.8675392934850706,-111.08739152362355
1.1734503051707992,0.03034045527482295,42.122272334168095,-1.2274984825495054,-0.0737779442904419,-0.8310274263679962,-0.1498902539018532,0,-0.5582681483127861,1,1.5401588822506889,190.87413468171258
1.549839577950428,0.6169711958882635,40.859095784361706,0.44698343826143705,-1.9728270446794407,-0.36150278301181993,-2.059094040542107,0,1.483089739824019,1,-2.2000154563765273,-205.31131082648062
0.740264206987138,-1.0587709551446656,42.30646229109371,-12.950512028379018,1.198313487686505,0.004142662344081906,-0.8970892522340326,0,0.5024679941803417,1,-1.0860639280864133,-90.27571783427236
1.2654901715726834,-0.46123767874059474,41.76484519638926,-1.6108829940716354,-0.6903958589550557,2.146965907661002,-1.8016244513770403,0,-2.215917020704324,1,-2.3666274771944735,-150.2755099395953
0.7797383898669978,1.9304668140488705,41.34071480979732,0.04740670378317285,-0.08045556544862276,-0.33551045172709637,-0.4969326202356916,0,0.3689079715897291,1,-0.8034233028819424,123.41696684684013
0.18627917503288352,-0.12942090703790315,39.636766859241504,6.797011832033685,-1.0042929373994487,1.9909766035880871,-1.0343461144111057,0,1.3809053459571419,0,0.8980774742990603,124.80979114135314
-0.4900314812669961,-0.8715848967545042,42.04245029225565,-6.562145545382503,-0.5335747202862542,1.0646377763862154,0.5181340599735,0,0.697014248053069,0,-2.7810688522399305,-193.9971253108067
-0.897203150027322,1.4943431224933104,42.501881015770266,-6.798736710348659,-0.695916586557896,-0.4215386938954019,-0.16991714201405722,0,-0.7211946344781756,1,-1.7400873968265214,-75.96027342237429
-1.6116820131356049,0.5746133579946326,42.1951060971664,13.013338413200879,-1.4178346066269443,-0.6853922608252886,0.7746936965540095,0,2.371738105101648,1,-0.7964951171429392,-72.40771058714368
-0.20977742826434492,-0.29127643571823864,42.32414490985165,0.7051771908350369,0.26408011997265557,-0.8753542892014958,1.292916916549364,1,-0.835791940619697,0,-0.035317626883249444,-79.46167884220318
-0.21789131665579659,0.2073678099630186,40.09651791181299,8.496668798526908,1.411065722499056,-0.4404673897542011,-1.1728299121535226,0,0.39088620870742696,1,1.035012669001676,142.18922733353895
-0.04796906070377634,-0.5277606176065297,41.911420361936514,1.9959945464335969,-1.3747589062969383,-0.16373947905100258,-0.9317789192058659,0,0.050862261432088426,1,1.0238526495807585,182.90817997116213
0.6889016853133896,0.3562122258205062,41.49574430695721,-0.463446978649608,-0.5646372648945465,-1.1136798794225393,0.2798811995810106,0,-0.36484160547756983,0,-0.1869464726460117,-273.15331525581786
0.3854978235013063,-0.6078873304130018,40.754073027332005,-6.41277442531029,0.11922808596056167,0.8777210452929418,0.3408921833506384,1,-0.21102290913002844,0,0.8283912093024179,58.12095135869574
0.8454088922130186,0.20581166567371645,41.45204714224409,1.8873236052578075,1.2944751938633698,-0.23673409213651064,-0.40060400404387003,0,0.39742561771877993,0,-0.7690365531777742,-181.71600203020643
-0.47530954123155045,-1.0934367367820457,43.05012053078023,3.5846477925198266,-0.9597947665048054,0.792881207115258,3.031436005368927,0,0.2024155365036462,0,0.6747583959858117,162.74754714190863
-0.5381119915790111,-0.05426368344034003,42.323786266225696,3.9720807583912587,0.25711817568967815,0.926513897571834,0.34495837579325744,0,1.1302005352995308,0,0.5907954747813058,49.426814342042704
0.9082445875807083,0.07325240898839992,41.57468061484225,-7.87439974599797,-0.14262854657566104,1.7727528792497669,-0.29960676514695384,0,0.23249668757695421,0,-0.6155102300231718,5.534211366093217
0.6210772476693606,0.4966870472304279,40.74478213072214,-5.450679310586475,0.6842776804994303,1.2223699583885252,-0.4079234173317137,1,-0.18771654004474267,0,-1.3694253305531365,-202.06456306983284
-0.2146270328548175,-0.20155837974515098,42.154168320135184,-22.489950485255996,-0.5128982432231178,-1.541698029094847,2.0579523536748483,0,-0.29169543914433355,0,0.19166548196304944,-127.87845922515147
-1.7454800956435308,0.42114201907683396,41.61549599501939,-4.749092800430113,1.438192614937392,-0.28586988479425557,0.6875401736672733,0,0.5070252726652601,0,-0.6316979013135228,-135.8268931749891
0.647693120299238,-0.312267504266956,43.72189811542626,-0.22992624048727822,-0.47387731284216783,2.3544539308587797,1.4081641936854166,0,-0.6991340336763313,0,0.3287351125834382,7.263649604213896
2.1022418269808,-1.498184899329254,41.882877753086035,-5.033477857272077,-2.098846594619344,0.638575020385509,0.3602780684656744,1,-0.2994516876325762,0,1.0732034603880878,101.34812919398973
-0.17514211769445248,-1.0898391769242803,43.23850968452581,-5.887073189429119,-0.5093028541254474,-1.9726451791443855,0.5985201547990604,0,0.34393484742441244,1,-0.04462623076281699,30.133047637923255
0.41520612652514255,0.8685905956351774,41.99381191375659,10.101745291047074,-2.933055421469452,0.6033009021363644,1.6717634165011752,0,-0.9257894985581943,1,-0.32330230369055385,89.11166291600136
1.6289825474732882,1.9915722508714284,41.628180003239656,-4.145345130712819,-1.13391262345033,1.1483988127695592,-0.0410382204953877,0,0.29708603004332373,1,1.011899421860841,202.9727858377766
0.19396279008189288,1.1225187097739922,42.776464786586246,19.911376588853102,-0.779453480872996,-0.2142497730970941,-1.2532886943239754,0,-2.402304674384708,0,-1.1048033005133857,-273.6430724537638
1.2468755474921736,-0.3459690427761983,42.01703722659813,2.4003527480011133,1.5234131175648866,0.4639045394031624,-0.21717647797828962,0,0.18948090070727497,0,1.7142979690541396,54.06383748794964
0.4580143132493562,0.3331226272707114,41.214834840588736,13.604736861717747,-1.2288468412417466,-0.8568138237102321,1.178856264622135,0,0.4649241970328952,0,1.0131073447760133,-59.20022916164352
1.73731379477488,-0.3817587652386577,43.38190117104376,-6.356818227619707,-1.13825619810892,0.03640234631161742,-0.7919161691970372,0,0.8731392272283474,1,0.42209490488367085,114.6561026292895
1.8897146729180652,0.17490220083679392,42.239262637963776,2.897523094906432,1.0383230468434834,0.31229272806580805,-0.7801741669149868,0,-0.1759577065043093,1,-0.14754591532160533,120.11051084858232
-0.1294830126736667,-0.9611124528853116,42.058199727958446,-6.238824265606851,-0.2960819991781587,0.06839369182504479,-0.26201115050793666,0,0.856942976329814,0,0.8379233034280685,52.39062022448055
-0.30210998289531527,0.06099667865790583,41.15623365422277,10.527951723406826,0.5477099972519747,-0.16135612315122314,0.21327173109188616,0,1.8858595162877876,0,-0.8019544989599258,-60.57752350779607
-1.4276137386148384,0.4090867048203087,42.240444031336786,-9.180467899015115,1.7594586583480407,-0.7078628537151122,0.5320213366763613,0,-1.396625512601495,1,-0.29433112456709554,68.26912870560719
0.10383539313463243,0.689235845561514,41.516244613065375,-8.018272427411164,-1.3331018200818838,-0.8013339009218665,-0.3209315790831717,0,-1.2672018335045139,0,-0.9983745671764263,-315.84474479056087
-0.8668496885595578,0.5071148817642346,42.033489970212116,-11.57305038866746,0.20036122113623653,1.5223209164062659,-0.27668538918742436,0,0.19993366669141918,1,0.016435489985569724,250.7582799795922
0.05699765213445243,0.4553343378557402,39.47392800129359,4.082939709821301,-1.0376088531373837,-1.2297213898398205,2.6071814213131157,0,-1.4313995619752866,1,-0.7922645586630777,157.1761551683911
1.0713429118809332,-2.0176643462444703,42.30720783290061,-6.150862118471758,-0.23177801401670997,0.17274100699468153,-1.1483157827897554,0,0.4153489644937397,1,-0.5412954987121628,65.79394050950292
2.2701116848867726,-0.20662950152816212,41.62285523950356,2.1638134442434156,0.8117533430903624,0.9406013071481101,-0.4843136041634345,0,-0.8499251632069668,0,0.38428971913820514,-7.274447986842901
